pathway,pval,padj,ES,NES,nMoreExtreme,size,leadingEdge,cluster,label
HALLMARK_INTERFERON_ALPHA_RESPONSE,1.7027073046143367e-4,0.004256768261535842,0.6720872097067867,1.7841021784287483,0,93,,RibovsBMS,Ribo_vs_DMSO
HALLMARK_MYC_TARGETS_V1,1.5888147442008263e-4,0.004256768261535842,0.5747989297302099,1.6658357807431254,0,186,,RibovsBMS,Ribo_vs_DMSO
HALLMARK_HEDGEHOG_SIGNALING,0.001257183908045977,0.011677468324867171,0.7595336873347689,1.7344666256031795,6,36,,RibovsBMS,Ribo_vs_DMSO
HALLMARK_MYC_TARGETS_V2,0.0014012961989840604,0.011677468324867171,0.6840120075726106,1.69214567276901,7,57,,RibovsBMS,Ribo_vs_DMSO
HALLMARK_MTORC1_SIGNALING,0.001273682534628244,0.011677468324867171,0.5238082941018359,1.5223174691181571,7,193,,RibovsBMS,Ribo_vs_DMSO
HALLMARK_G2M_CHECKPOINT,0.0019120458891013384,0.013657470636438131,0.5227746550833079,1.5199408690674276,11,195,,RibovsBMS,Ribo_vs_DMSO
HALLMARK_E2F_TARGETS,0.0023794416243654824,0.014871510152284266,0.5201854101046192,1.514749507305527,14,198,,RibovsBMS,Ribo_vs_DMSO
HALLMARK_INTERFERON_GAMMA_RESPONSE,0.005417463352453792,0.030097018624743288,0.5086655569563062,1.4725673537602477,33,185,,RibovsBMS,Ribo_vs_DMSO
