pathway,pval,padj,ES,NES,nMoreExtreme,size,leadingEdge,cluster,label
HALLMARK_MYOGENESIS,8.818342151675485e-4,0.0055513259738611855,0.5255355904206321,1.7811092410593579,0,198,,BMS,BMS_vs_DMSO
HALLMARK_OXIDATIVE_PHOSPHORYLATION,0.001638001638001638,0.009100009100009101,0.4532851212255249,1.5236080273676655,1,183,,BMS,BMS_vs_DMSO
